Method:,PCD,MMD,KLD,ratio
ADASYN,0.191127(0.013839),0.249553(0.036065),147.824417(1.320557),0.984000(0.000000)
SMOTE,0.248053(0.030066),0.249656(0.060418),476.283384(609.552061),1.000000(0.000000)
SMOTENC,0.231114(0.029089),0.246178(0.058769),487.640265(706.544810),1.000000(0.000000)
KMeansSMOTE,0.385665(0.050674),0.451012(0.074328),1983.351677(898.140031),1.040560(0.004419)
SVMSMOTE,0.320268(0.051691),252.947135(137.559475),192.238308(138.578480),1.000000(0.000000)
BorderlineSMOTE,0.258043(0.018758),0.382656(0.048724),318.865556(3.469193),1.000000(0.000000)
