Method:,PCD,MMD,KLD,ratio
ADASYN,0.190385(0.013352),0.259055(0.039856),147.745340(1.563401),0.984000(0.000000)
SMOTE,0.254876(0.038404),0.246801(0.063746),554.696437(625.240701),1.000000(0.000000)
SMOTENC,0.233071(0.026508),0.251119(0.058064),570.654121(693.659656),1.000000(0.000000)
KMeansSMOTE,0.385082(0.051564),0.466100(0.083097),2022.340697(1063.000841),1.041440(0.003981)
SVMSMOTE,0.344673(0.057342),287.091102(134.201296),172.455591(168.169547),1.000000(0.000000)
BorderlineSMOTE,0.266460(0.018450),0.406811(0.045025),318.818892(4.377948),1.000000(0.000000)
