Method:,PCD,MMD,KLD,ratio
ADASYN,0.190909(0.013955),0.265418(0.036933),147.767968(1.415220),0.984000(0.000000)
SMOTE,0.254925(0.034712),0.247694(0.061073),555.880281(635.425141),1.000000(0.000000)
SMOTENC,0.227683(0.030466),0.242311(0.061681),461.949820(543.904216),1.000000(0.000000)
KMeansSMOTE,0.383145(0.056142),0.445458(0.080193),1864.031398(1072.990041),1.040560(0.004419)
SVMSMOTE,0.311879(0.047094),247.497323(126.628572),187.356213(152.740006),1.000000(0.000000)
BorderlineSMOTE,0.265656(0.019723),0.401322(0.056730),318.612620(4.747624),1.000000(0.000000)
