Method:,PCD,MMD,KLD,ratio
SMOTE,0.027252(0.008868),0.003520(0.004385),0.001272(0.001399),1.000000(0.000000)
SMOTENC,0.025504(0.006019),0.002862(0.001425),0.001047(0.001073),1.000000(0.000000)
KMeansSMOTE,0.059321(0.010334),0.014391(0.004100),0.001339(0.001534),1.026000(0.005807)
SVMSMOTE,0.031163(0.012118),0.004235(0.005840),0.001207(0.001514),1.000000(0.000000)
BorderlineSMOTE,0.025326(0.008229),0.002793(0.001412),0.000868(0.001110),1.000000(0.000000)
