Method:,PCD,MMD,KLD,ratio
SMOTE,0.062804(0.010012),0.017349(0.007041),0.006691(0.007965),1.000000(0.000000)
SMOTENC,0.063209(0.009840),0.017703(0.008674),0.004580(0.005744),1.000000(0.000000)
KMeansSMOTE,0.084694(0.012820),0.029563(0.008545),0.017185(0.012291),1.013852(0.004736)
SVMSMOTE,0.072090(0.016858),1.412607(5.084423),0.005474(0.007949),1.000000(0.000000)
BorderlineSMOTE,0.063263(0.009834),0.017166(0.008555),0.003521(0.004574),1.000000(0.000000)
