Method:,PCD,MMD,KLD,ratio
ADASYN,0.718937(0.014257),10.162135(0.216619),11278.622922(280.971456),0.951923(0.000000)
SMOTE,0.656929(0.017436),8.880765(0.241112),38170.021935(15045.868645),1.000000(0.000000)
SMOTENC,0.652787(0.017604),8.882649(0.261990),39848.294146(13768.791959),1.000000(0.000000)
KMeansSMOTE,0.787982(0.036869),9.187310(0.237881),186147.902604(69540.477624),0.994728(0.001782)
SVMSMOTE,0.655305(0.026298),35.563266(51.708618),55836.774667(26763.182875),1.000000(0.000000)
BorderlineSMOTE,0.684136(0.020104),9.014156(0.207121),1467.119013(2418.718018),1.000000(0.000000)
