Method:,PCD,MMD,KLD,ratio
ADASYN,0.715058(0.012430),10.158602(0.219391),11214.783790(305.207132),0.951923(0.000000)
SMOTE,0.657888(0.018623),8.896170(0.255727),40882.304223(16440.606967),1.000000(0.000000)
SMOTENC,0.653938(0.018301),8.900592(0.238315),40088.397422(15985.460543),1.000000(0.000000)
KMeansSMOTE,0.792438(0.038092),9.219464(0.227990),193094.882732(77134.919757),0.994578(0.001823)
SVMSMOTE,0.654517(0.026569),34.262210(49.289747),51706.168420(23680.561826),1.000000(0.000000)
BorderlineSMOTE,0.684729(0.023915),9.058512(0.212541),1610.621279(2006.248499),1.000000(0.000000)
