Method:,PCD,MMD,KLD,ratio
SMOTE,1.014365(0.101412),9.523754(0.816392),14.040947(8.507701),1.000000(0.000000)
SMOTENC,1.054343(0.114239),7.888539(0.637575),14.949799(10.950110),1.000000(0.000000)
SVMSMOTE,1.454025(0.213918),624.645186(277.847482),33.093523(14.956298),1.000000(0.000000)
BorderlineSMOTE,1.039554(0.126730),9.620659(0.736083),10.990300(7.847579),1.000000(0.000000)
