Method:,PCD,MMD,KLD,ratio
SMOTE,1.022767(0.125213),9.500996(0.774685),14.042114(10.120754),1.000000(0.000000)
SMOTENC,1.057403(0.130430),7.914575(0.526018),15.110455(11.216008),1.000000(0.000000)
SVMSMOTE,1.466173(0.274505),601.231054(257.583571),36.244566(17.915850),1.000000(0.000000)
BorderlineSMOTE,1.044414(0.139054),9.646818(0.709644),10.829182(6.997187),1.000000(0.000000)
