Method:,PCD,MMD,KLD,ratio
SMOTE,1.000355(0.119641),9.451668(0.702013),15.434010(9.793400),1.000000(0.000000)
SMOTENC,1.055855(0.108207),8.014340(0.591887),14.380957(12.545248),1.000000(0.000000)
SVMSMOTE,1.433881(0.247322),586.431357(275.756457),31.455947(15.350026),1.000000(0.000000)
BorderlineSMOTE,1.056857(0.139521),9.525905(0.717084),9.965120(8.358878),1.000000(0.000000)
