Method:,PCD,MMD,KLD,ratio
ADASYN,0.579067(0.009814),11.113216(0.085338),25.094882(0.486313),1.017032(0.000000)
SMOTE,0.624597(0.017757),11.103347(0.094598),40.588422(3.936816),1.000000(0.000000)
SMOTENC,0.617994(0.016393),11.109581(0.101906),40.578067(4.528284),1.000000(0.000000)
KMeansSmote,0.617994(0.016393),11.109581(0.101906),40.578067(4.528284),1.000000(0.000000)
SVMSMOTE,1.547614(0.163543),147.414098(3.513026),922.113018(312.939534),1.000000(0.000000)
BorderlineSMOTE,0.687226(0.017663),11.286211(0.092593),60.798373(4.645249),1.000000(0.000000)
