Method:,PCD,MMD,KLD,ratio
ADASYN,0.262479(0.021409),5.971083(0.209563),3.958699(0.350050),1.033613(0.000000)
SMOTE,0.271409(0.031364),5.738381(0.249356),5.362490(1.596196),1.000000(0.000000)
KMeansSMOTE,0.582931(0.071383),6.715291(0.503529),48.397061(25.307101),1.003025(0.002527)
SVMSMOTE,0.348491(0.059939),51.368155(20.777366),10.579177(3.605458),1.000000(0.000000)
BorderlineSMOTE,0.296880(0.035505),5.614424(0.226564),2.812691(0.933096),1.000000(0.000000)
