Method:,PCD,MMD,KLD,ratio
ADASYN,0.580042(0.008943),11.122159(0.082852),25.135062(0.459045),1.017032(0.000000)
SMOTE,0.624832(0.016707),11.110872(0.081302),40.374044(3.734918),1.000000(0.000000)
SMOTENC,0.619985(0.015535),11.105682(0.089822),40.922040(3.836792),1.000000(0.000000)
KMeansSmote,0.619985(0.015535),11.105682(0.089822),40.922040(3.836792),1.000000(0.000000)
SVMSMOTE,1.560653(0.179443),147.962102(3.797735),936.656031(328.157715),1.000000(0.000000)
BorderlineSMOTE,0.686071(0.014231),11.272792(0.088072),60.953190(3.884668),1.000000(0.000000)
