Method:,PCD,MMD,KLD,ratio
SMOTE,0.222633(0.029020),0.957622(0.120394),1.045505(0.689404),1.000000(0.000000)
SMOTENC,0.227958(0.027563),0.996908(0.138592),1.271870(1.005556),1.000000(0.000000)
KMeansSMOTE,0.289535(0.046245),1.240319(0.151398),6.811328(3.044961),0.984166(0.005781)
SVMSMOTE,0.244426(0.037651),19.538678(39.792999),1.059518(0.725859),1.000000(0.000000)
BorderlineSMOTE,0.235657(0.031517),0.952138(0.110116),0.864719(0.863391),1.000000(0.000000)
