Method:,PCD,MMD,KLD,ratio
SMOTE,0.221662(0.028509),0.974415(0.123137),1.181462(0.846847),1.000000(0.000000)
SMOTENC,0.223188(0.026009),0.980717(0.118202),1.211483(0.933666),1.000000(0.000000)
KMeansSMOTE,0.290965(0.034656),1.244275(0.116685),6.789793(2.744396),0.984533(0.005037)
SVMSMOTE,0.237722(0.038513),12.480032(24.865835),1.083932(1.086963),1.000000(0.000000)
BorderlineSMOTE,0.238530(0.028801),0.935984(0.099749),0.824659(0.821084),1.000000(0.000000)
