Method:,PCD,MMD,KLD,ratio
SMOTE,0.219775(0.030294),0.973287(0.129968),1.138014(0.878333),1.000000(0.000000)
SMOTENC,0.225588(0.028246),0.970970(0.109677),1.135355(1.052739),1.000000(0.000000)
KMeansSMOTE,0.291871(0.040906),1.237475(0.130704),6.344292(3.198240),0.984768(0.005906)
SVMSMOTE,0.242524(0.044073),8.765697(15.328029),1.147219(0.976496),1.000000(0.000000)
BorderlineSMOTE,0.237291(0.030117),0.944825(0.123390),0.918605(1.130078),1.000000(0.000000)
