Method:,PCD,MMD,KLD,ratio
ADASYN,0.154493(0.013678),2.718484(0.116325),13.903447(1.157637),0.977387(0.000000)
SMOTE,0.146183(0.028652),3.159355(0.153665),119.192355(41.406982),1.000000(0.000000)
KMeansSMOTE,0.335225(0.148570),4.173242(0.715711),309.967316(367.720790),1.007085(0.001347)
SVMSMOTE,0.284633(0.055363),31.397311(61.936553),130.924396(63.230310),1.000000(0.000000)
BorderlineSMOTE,0.208540(0.023994),2.881183(0.128931),4.152689(3.164531),1.000000(0.000000)
