Method:,PCD,MMD,KLD,ratio
ADASYN,0.155591(0.011471),2.729669(0.130773),13.742023(1.087540),0.977387(0.000000)
SMOTE,0.151350(0.032182),3.165685(0.141433),113.532312(33.456976),1.000000(0.000000)
KMeansSMOTE,0.328801(0.135380),4.115271(0.624033),276.306262(300.142391),1.007060(0.001870)
SVMSMOTE,0.282705(0.062337),34.551626(64.463390),124.111846(57.815254),1.000000(0.000000)
BorderlineSMOTE,0.208526(0.029560),2.902857(0.128012),4.233947(2.536206),1.000000(0.000000)
