Method:,PCD,MMD,KLD,ratio
ADASYN,0.155176(0.011844),2.715314(0.116151),13.847097(1.175855),0.977387(0.000000)
SMOTE,0.146610(0.030469),3.190676(0.128018),116.894751(35.163048),1.000000(0.000000)
KMeansSMOTE,0.326280(0.126266),4.099986(0.609784),270.341855(295.590755),1.007010(0.001561)
SVMSMOTE,0.281794(0.062679),29.862288(60.706768),125.400068(67.128143),1.000000(0.000000)
BorderlineSMOTE,0.203903(0.024482),2.905653(0.136122),5.266610(5.135632),1.000000(0.000000)
