Method:,PCD,MMD,KLD,ratio
ADASYN,0.261169(0.022751),5.949774(0.221321),3.833149(0.361847),1.033613(0.000000)
SMOTE,0.270877(0.034040),5.734696(0.213197),5.065985(1.443511),1.000000(0.000000)
KMeansSMOTE,0.595999(0.076801),6.733826(0.473731),49.853766(25.500702),1.003193(0.002529)
SVMSMOTE,0.348996(0.050049),53.181273(18.614261),10.820668(3.385487),1.000000(0.000000)
BorderlineSMOTE,0.303963(0.035935),5.660632(0.196684),2.833096(1.002690),1.000000(0.000000)
