Method:,PCD,MMD,KLD,ratio
ADASYN,0.267513(0.024130),5.955605(0.201425),3.834119(0.369662),1.033613(0.000000)
SMOTE,0.277686(0.031671),5.696756(0.221693),5.354101(1.550871),1.000000(0.000000)
KMeansSMOTE,0.587831(0.088829),6.689514(0.550734),44.932801(26.176151),1.003697(0.002165)
SVMSMOTE,0.353655(0.046584),48.190249(22.292440),11.263058(3.405584),1.000000(0.000000)
BorderlineSMOTE,0.301894(0.032670),5.612128(0.185454),2.756039(0.937849),1.000000(0.000000)
