Method:,PCD,MMD,KLD,ratio
SMOTE,0.047265(0.007881),0.009003(0.004484),0.002339(0.003704),1.000000(0.000000)
SMOTENC,0.048585(0.008833),0.010309(0.007373),0.003339(0.004228),1.000000(0.000000)
KMeansSMOTE,0.070834(0.010089),0.019434(0.005425),0.004919(0.005252),1.019835(0.005960)
SVMSMOTE,0.054790(0.013676),2.152894(6.427272),0.003248(0.004558),1.000000(0.000000)
BorderlineSMOTE,0.049074(0.010024),0.009582(0.004096),0.003605(0.004744),1.000000(0.000000)
