Method:,PCD,MMD,KLD,ratio
SMOTE,0.128590(0.016361),0.055325(0.012689),0.017047(0.022896),1.000000(0.000000)
SMOTENC,0.129282(0.012631),0.056284(0.009977),0.019310(0.023692),1.000000(0.000000)
KMeansSMOTE,0.168445(0.020245),0.105948(0.020845),0.096232(0.070795),1.010945(0.004298)
SVMSMOTE,0.121941(0.017391),3.578737(7.794654),0.022822(0.031392),1.000000(0.000000)
BorderlineSMOTE,0.129045(0.017554),0.055118(0.013917),0.011397(0.011655),1.000000(0.000000)
