Method:,PCD,MMD,KLD,ratio
ADASYN,0.755485(0.024307),1.221055(0.057941),0.043190(0.002479),1.015686(0.000000)
SMOTE,0.658640(0.050770),1.094266(0.075569),0.237044(0.219242),1.000000(0.000000)
SMOTENC,0.634572(0.043183),1.055973(0.072819),0.198635(0.171299),1.000000(0.000000)
SVMSMOTE,0.609571(0.041820),0.977057(0.093870),0.198684(0.180914),1.000000(0.000000)
BorderlineSMOTE,0.850347(0.026799),1.437011(0.071232),1.086612(0.429934),1.000000(0.000000)
