Method:,PCD,MMD,KLD,ratio
ADASYN,0.753347(0.026686),1.212142(0.056131),0.042978(0.002528),1.015686(0.000000)
SMOTE,0.660035(0.053891),1.097958(0.083708),0.248653(0.229185),1.000000(0.000000)
SMOTENC,0.637580(0.042565),1.051163(0.071935),0.190762(0.158107),1.000000(0.000000)
SVMSMOTE,0.606363(0.045536),0.980043(0.097084),0.184253(0.176171),1.000000(0.000000)
BorderlineSMOTE,0.846553(0.028785),1.445227(0.076499),1.111355(0.354504),1.000000(0.000000)
