Method:,PCD,MMD,KLD,ratio
ADASYN,0.756806(0.032090),1.212415(0.068974),0.042802(0.002853),1.015686(0.000000)
SMOTE,0.639927(0.038252),1.064970(0.068558),0.165982(0.139638),1.000000(0.000000)
SMOTENC,0.633123(0.041414),1.045263(0.068953),0.190494(0.160732),1.000000(0.000000)
SVMSMOTE,0.611936(0.042795),0.976272(0.092518),0.194894(0.166729),1.000000(0.000000)
BorderlineSMOTE,0.847334(0.030935),1.438209(0.076692),1.043788(0.376252),1.000000(0.000000)
