Method:,PCD,MMD,KLD,ratio
ADASYN,0.719036(0.016938),10.195517(0.224921),11196.014094(276.161682),0.951923(0.000000)
SMOTE,0.656087(0.017796),8.900247(0.281110),41735.354015(14027.050413),1.000000(0.000000)
SMOTENC,0.657106(0.015963),8.907697(0.236401),42660.815037(15269.681933),1.000000(0.000000)
KMeansSMOTE,0.792977(0.040377),9.222143(0.272403),189425.320638(67236.455518),0.994876(0.001219)
SVMSMOTE,0.652692(0.028020),26.987319(42.361739),50120.140861(23294.610630),1.000000(0.000000)
BorderlineSMOTE,0.683719(0.023249),9.018483(0.228693),1510.079623(1974.533806),1.000000(0.000000)
